{
    "skills": [
      {
        "id": "1",
        "src": "./img/product-chain-1.png",
        "title": "Effective Communication",
        "description": "Conveys complex concepts with clarity, fostering an engaging learning environment."
      },
      {
        "id": "2",
        "src": "./img/tag-1.png",
        "title": "Adaptive Teaching Strategies",
        "description": "Tailors instructional methods to diverse learning styles, promoting inclusive education."
      },
      {
        "id": "3",
        "src": "./img/feather-pen-2.png",
        "title": "Technology Integration",
        "description": "Expertly utilizes educational technology to enhance and innovate the learning experience."
      },
      {
        "id": "4",
        "src": "./img/feather-pen-1.png",
        "title": "Student Motivation",
        "description": "Inspires and motivates students, cultivating a positive and encouraging learning atmosphere."
      }
    ],
    "portfolio": [
      {
        "id": "1",
        "src": "./img/placeholder-image.png",
        "title": "Ahuse",
        "description": "Lorem ipsum dolor sit amet, consectetur adipiscing elit. Suspenmdisse varius eim in eros elementum tristique",
        "link": "View In Github"
      },
      {
        "id": "2",
        "src": "./img/placeholder-image-1.png",
        "title": "App Dashboard",
        "description": "Lorem ipsum dolor sit amet, consectetur adipiscing elit. Suspenmdisse varius eim in eros elementum tristique",
        "link": "View In Github"
      },
      {
        "id": "3",
        "src": "./img/placeholder-image-2.png",
        "title": "Easy Rentn",
        "description": "Lorem ipsum dolor sit amet, consectetur adipiscing elit. Suspenmdisse varius eim in eros elementum tristique",
        "link": "View In Github"
      }
    ],
    "testimonial": [
      {
        "id": "1",
        "count": "5",
        "src": "./img/avatar-image.png",
        "description": "Lorem ipsum dolor sit amet, consectetur adipiscing elit. Suspenmdisse varius eim in eros elementum tristique",
        "author_name": "Dianne Russel",
        "author_designation": "Starbucks"
      },
      {
        "id": "2",
        "count": "5",
        "src": "./img/avatar-image-1.png",
        "description": "Lorem ipsum dolor sit amet, consectetur adipiscing elit. Suspenmdisse varius eim in eros elementum tristique",
        "author_name": "Kristin Watson",
        "author_designation": "Louis Vuitton"
      },
      {
        "id": "3",
        "count": "5",
        "src": "./img/avatar-image-2.png",
        "description": "Lorem ipsum dolor sit amet, consectetur adipiscing elit. Suspenmdisse varius eim in eros elementum tristique",
        "author_name": "Kathryn Murphy",
        "author_designation": "McDonald's"
      }
    ]
  }